disk_id,row_index,mod_index,type_id,x_origin_mm,y_origin_mm,z_baseplate_mm,z_sensor_mm
6,0,0,B610,-98.5851,371.2500,453.0000,452.9700
6,0,1,B600,98.5851,371.2500,453.0000,453.3400
6,1,0,B600,-143.0013,354.7500,447.0000,446.6600
6,1,1,B610,64.9980,354.7500,447.0000,447.0300
6,1,2,B601,143.0013,354.7500,447.0000,446.6600
6,2,0,B610,-176.2955,338.2500,453.0000,452.9700
6,2,1,B600,64.9980,338.2500,453.0000,453.3400
6,2,2,B611,176.2955,338.2500,453.0000,452.9700
6,3,0,B600,-203.4948,321.7500,447.0000,446.6600
6,3,1,B611,-127.9960,321.7500,447.0000,447.0300
6,3,2,B601,127.9960,321.7500,447.0000,446.6600
6,3,3,B610,203.4948,321.7500,447.0000,447.0300
6,4,0,B601,-226.6241,305.2500,453.0000,453.3400
6,4,1,B610,-127.9960,305.2500,453.0000,452.9700
6,4,2,B600,127.9960,305.2500,453.0000,453.3400
6,4,3,B611,226.6241,305.2500,453.0000,452.9700
6,5,0,B600,-246.7441,288.7500,447.0000,446.6600
6,5,1,B611,-127.9960,288.7500,447.0000,447.0300
6,5,2,B601,127.9960,288.7500,447.0000,446.6600
6,5,3,B610,246.7441,288.7500,447.0000,447.0300
6,6,0,B601,-264.4942,272.2500,453.0000,453.3400
6,6,1,B610,-190.9940,272.2500,453.0000,452.9700
6,6,2,B600,64.9980,272.2500,453.0000,453.3400
6,6,3,B611,190.9940,272.2500,453.0000,452.9700
6,6,4,B600,264.4942,272.2500,453.0000,453.3400
6,7,0,B611,-280.2948,255.7500,447.0000,447.0300
6,7,1,B600,-190.9940,255.7500,447.0000,446.6600
6,7,2,B610,64.9980,255.7500,447.0000,447.0300
6,7,3,B601,190.9940,255.7500,447.0000,446.6600
6,7,4,B610,280.2948,255.7500,447.0000,447.0300
6,8,0,B601,-294.4399,239.2500,453.0000,453.3400
6,8,1,B610,-190.9940,239.2500,453.0000,452.9700
6,8,2,B600,64.9980,239.2500,453.0000,453.3400
6,8,3,B611,190.9940,239.2500,453.0000,452.9700
6,8,4,B600,294.4399,239.2500,453.0000,453.3400
6,9,0,B611,-307.1444,222.7500,447.0000,447.0300
6,9,1,B600,-190.9940,222.7500,447.0000,446.6600
6,9,2,B610,64.9980,222.7500,447.0000,447.0300
6,9,3,B601,190.9940,222.7500,447.0000,446.6600
6,9,4,B610,307.1444,222.7500,447.0000,447.0300
6,10,0,B610,-318.5704,206.2500,453.0000,452.9700
6,10,1,B601,-253.9920,206.2500,453.0000,453.3400
6,10,2,B610,-127.9960,206.2500,453.0000,452.9700
6,10,3,B600,127.9960,206.2500,453.0000,453.3400
6,10,4,B611,253.9920,206.2500,453.0000,452.9700
6,10,5,B600,318.5704,206.2500,453.0000,453.3400
6,11,0,B611,-328.8437,189.7500,447.0000,447.0300
6,11,1,B600,-253.9920,189.7500,447.0000,446.6600
6,11,2,B611,-127.9960,189.7500,447.0000,447.0300
6,11,3,B601,127.9960,189.7500,447.0000,446.6600
6,11,4,B610,253.9920,189.7500,447.0000,447.0300
6,11,5,B601,328.8437,189.7500,447.0000,446.6600
6,12,0,B610,-338.0635,173.2500,453.0000,452.9700
6,12,1,B601,-253.9920,173.2500,453.0000,453.3400
6,12,2,B610,-127.9960,173.2500,453.0000,452.9700
6,12,3,B600,127.9960,173.2500,453.0000,453.3400
6,12,4,B611,253.9920,173.2500,453.0000,452.9700
6,12,5,B600,338.0635,173.2500,453.0000,453.3400
6,13,0,B611,-346.3092,156.7500,447.0000,447.0300
6,13,1,B600,-253.9920,156.7500,447.0000,446.6600
6,13,2,B611,-127.9960,156.7500,447.0000,447.0300
6,13,3,B601,127.9960,156.7500,447.0000,446.6600
6,13,4,B610,253.9920,156.7500,447.0000,447.0300
6,13,5,B601,346.3092,156.7500,447.0000,446.6600
6,14,0,B610,-353.6455,140.2500,453.0000,452.9700
6,14,1,B601,-253.9920,140.2500,453.0000,453.3400
6,14,2,B610,-127.9960,140.2500,453.0000,452.9700
6,14,3,B600,127.9960,140.2500,453.0000,453.3400
6,14,4,B611,253.9920,140.2500,453.0000,452.9700
6,14,5,B600,353.6455,140.2500,453.0000,453.3400
6,15,0,B611,-360.1249,123.7500,447.0000,447.0300
6,15,1,B600,-253.9920,123.7500,447.0000,446.6600
6,15,2,B611,-127.9960,123.7500,447.0000,447.0300
6,15,3,B601,127.9960,123.7500,447.0000,446.6600
6,15,4,B610,253.9920,123.7500,447.0000,447.0300
6,15,5,B601,360.1249,123.7500,447.0000,446.6600
6,16,0,B610,-365.7907,107.2500,453.0000,452.9700
6,16,1,B601,-253.9920,107.2500,453.0000,453.3400
6,16,2,B610,-127.9960,107.2500,453.0000,452.9700
6,16,3,B600,127.9960,107.2500,453.0000,453.3400
6,16,4,B611,253.9920,107.2500,453.0000,452.9700
6,16,5,B600,365.7907,107.2500,453.0000,453.3400
6,17,0,B611,-370.6782,90.7500,447.0000,447.0300
6,17,1,B600,-253.9920,90.7500,447.0000,446.6600
6,17,2,B611,-127.9960,90.7500,447.0000,447.0300
6,17,3,B601,127.9960,90.7500,447.0000,446.6600
6,17,4,B610,253.9920,90.7500,447.0000,447.0300
6,17,5,B601,370.6782,90.7500,447.0000,446.6600
6,18,0,B610,-374.8163,74.2500,453.0000,452.9700
6,18,1,B601,-253.9920,74.2500,453.0000,453.3400
6,18,2,B610,-127.9960,74.2500,453.0000,452.9700
6,18,3,B600,127.9960,74.2500,453.0000,453.3400
6,18,4,B611,253.9920,74.2500,453.0000,452.9700
6,18,5,B600,374.8163,74.2500,453.0000,453.3400
6,19,0,B611,-378.2285,57.7500,447.0000,447.0300
6,19,1,B600,-253.9920,57.7500,447.0000,446.6600
6,19,2,B611,-127.9960,57.7500,447.0000,447.0300
6,19,3,B601,127.9960,57.7500,447.0000,446.6600
6,19,4,B610,253.9920,57.7500,447.0000,447.0300
6,19,5,B601,378.2285,57.7500,447.0000,446.6600
6,20,0,B601,-380.9332,41.2500,453.0000,453.3400
6,20,1,B610,-292.6941,41.2500,453.0000,452.9700
6,20,2,B601,-166.6981,41.2500,453.0000,453.3400
6,20,3,B600,166.6981,41.2500,453.0000,453.3400
6,20,4,B611,292.6941,41.2500,453.0000,452.9700
6,20,5,B600,380.9332,41.2500,453.0000,453.3400
6,21,0,B600,-382.9447,24.7500,447.0000,446.6600
6,21,1,B611,-301.6851,24.7500,447.0000,447.0300
6,21,2,B600,-175.6891,24.7500,447.0000,446.6600
6,21,3,B601,175.6891,24.7500,447.0000,446.6600
6,21,4,B610,301.6851,24.7500,447.0000,447.0300
6,21,5,B601,382.9447,24.7500,447.0000,446.6600
6,22,0,B601,-384.2733,8.2500,453.0000,453.3400
6,22,1,B610,-302.7420,8.2500,453.0000,452.9700
6,22,2,B601,-176.7460,8.2500,453.0000,453.3400
6,22,3,B600,176.7460,8.2500,453.0000,453.3400
6,22,4,B611,302.7420,8.2500,453.0000,452.9700
6,22,5,B600,384.2733,8.2500,453.0000,453.3400
6,23,0,B601,-384.2733,-8.2500,447.0000,446.6600
6,23,1,B610,-302.7420,-8.2500,447.0000,447.0300
6,23,2,B601,-176.7460,-8.2500,447.0000,446.6600
6,23,3,B600,176.7460,-8.2500,447.0000,446.6600
6,23,4,B611,302.7420,-8.2500,447.0000,447.0300
6,23,5,B600,384.2733,-8.2500,447.0000,446.6600
6,24,0,B600,-382.9447,-24.7500,453.0000,453.3400
6,24,1,B611,-301.6851,-24.7500,453.0000,452.9700
6,24,2,B600,-175.6891,-24.7500,453.0000,453.3400
6,24,3,B601,175.6891,-24.7500,453.0000,453.3400
6,24,4,B610,301.6851,-24.7500,453.0000,452.9700
6,24,5,B601,382.9447,-24.7500,453.0000,453.3400
6,25,0,B601,-380.9332,-41.2500,447.0000,446.6600
6,25,1,B610,-292.6941,-41.2500,447.0000,447.0300
6,25,2,B601,-166.6981,-41.2500,447.0000,446.6600
6,25,3,B600,166.6981,-41.2500,447.0000,446.6600
6,25,4,B611,292.6941,-41.2500,447.0000,447.0300
6,25,5,B600,380.9332,-41.2500,447.0000,446.6600
6,26,0,B611,-378.2285,-57.7500,453.0000,452.9700
6,26,1,B600,-253.9920,-57.7500,453.0000,453.3400
6,26,2,B611,-127.9960,-57.7500,453.0000,452.9700
6,26,3,B601,127.9960,-57.7500,453.0000,453.3400
6,26,4,B610,253.9920,-57.7500,453.0000,452.9700
6,26,5,B601,378.2285,-57.7500,453.0000,453.3400
6,27,0,B610,-374.8163,-74.2500,447.0000,447.0300
6,27,1,B601,-253.9920,-74.2500,447.0000,446.6600
6,27,2,B610,-127.9960,-74.2500,447.0000,447.0300
6,27,3,B600,127.9960,-74.2500,447.0000,446.6600
6,27,4,B611,253.9920,-74.2500,447.0000,447.0300
6,27,5,B600,374.8163,-74.2500,447.0000,446.6600
6,28,0,B611,-370.6782,-90.7500,453.0000,452.9700
6,28,1,B600,-253.9920,-90.7500,453.0000,453.3400
6,28,2,B611,-127.9960,-90.7500,453.0000,452.9700
6,28,3,B601,127.9960,-90.7500,453.0000,453.3400
6,28,4,B610,253.9920,-90.7500,453.0000,452.9700
6,28,5,B601,370.6782,-90.7500,453.0000,453.3400
6,29,0,B610,-365.7907,-107.2500,447.0000,447.0300
6,29,1,B601,-253.9920,-107.2500,447.0000,446.6600
6,29,2,B610,-127.9960,-107.2500,447.0000,447.0300
6,29,3,B600,127.9960,-107.2500,447.0000,446.6600
6,29,4,B611,253.9920,-107.2500,447.0000,447.0300
6,29,5,B600,365.7907,-107.2500,447.0000,446.6600
6,30,0,B611,-360.1249,-123.7500,453.0000,452.9700
6,30,1,B600,-253.9920,-123.7500,453.0000,453.3400
6,30,2,B611,-127.9960,-123.7500,453.0000,452.9700
6,30,3,B601,127.9960,-123.7500,453.0000,453.3400
6,30,4,B610,253.9920,-123.7500,453.0000,452.9700
6,30,5,B601,360.1249,-123.7500,453.0000,453.3400
6,31,0,B610,-353.6455,-140.2500,447.0000,447.0300
6,31,1,B601,-253.9920,-140.2500,447.0000,446.6600
6,31,2,B610,-127.9960,-140.2500,447.0000,447.0300
6,31,3,B600,127.9960,-140.2500,447.0000,446.6600
6,31,4,B611,253.9920,-140.2500,447.0000,447.0300
6,31,5,B600,353.6455,-140.2500,447.0000,446.6600
6,32,0,B611,-346.3092,-156.7500,453.0000,452.9700
6,32,1,B600,-253.9920,-156.7500,453.0000,453.3400
6,32,2,B611,-127.9960,-156.7500,453.0000,452.9700
6,32,3,B601,127.9960,-156.7500,453.0000,453.3400
6,32,4,B610,253.9920,-156.7500,453.0000,452.9700
6,32,5,B601,346.3092,-156.7500,453.0000,453.3400
6,33,0,B610,-338.0635,-173.2500,447.0000,447.0300
6,33,1,B601,-253.9920,-173.2500,447.0000,446.6600
6,33,2,B610,-127.9960,-173.2500,447.0000,447.0300
6,33,3,B600,127.9960,-173.2500,447.0000,446.6600
6,33,4,B611,253.9920,-173.2500,447.0000,447.0300
6,33,5,B600,338.0635,-173.2500,447.0000,446.6600
6,34,0,B611,-328.8437,-189.7500,453.0000,452.9700
6,34,1,B600,-253.9920,-189.7500,453.0000,453.3400
6,34,2,B611,-127.9960,-189.7500,453.0000,452.9700
6,34,3,B601,127.9960,-189.7500,453.0000,453.3400
6,34,4,B610,253.9920,-189.7500,453.0000,452.9700
6,34,5,B601,328.8437,-189.7500,453.0000,453.3400
6,35,0,B610,-318.5704,-206.2500,447.0000,447.0300
6,35,1,B601,-253.9920,-206.2500,447.0000,446.6600
6,35,2,B610,-127.9960,-206.2500,447.0000,447.0300
6,35,3,B600,127.9960,-206.2500,447.0000,446.6600
6,35,4,B611,253.9920,-206.2500,447.0000,447.0300
6,35,5,B600,318.5704,-206.2500,447.0000,446.6600
6,36,0,B600,-307.1444,-222.7500,453.0000,453.3400
6,36,1,B611,-190.9940,-222.7500,453.0000,452.9700
6,36,2,B601,64.9980,-222.7500,453.0000,453.3400
6,36,3,B610,190.9940,-222.7500,453.0000,452.9700
6,36,4,B601,307.1444,-222.7500,453.0000,453.3400
6,37,0,B610,-294.4399,-239.2500,447.0000,447.0300
6,37,1,B601,-190.9940,-239.2500,447.0000,446.6600
6,37,2,B611,64.9980,-239.2500,447.0000,447.0300
6,37,3,B600,190.9940,-239.2500,447.0000,446.6600
6,37,4,B611,294.4399,-239.2500,447.0000,447.0300
6,38,0,B600,-280.2948,-255.7500,453.0000,453.3400
6,38,1,B611,-190.9940,-255.7500,453.0000,452.9700
6,38,2,B601,64.9980,-255.7500,453.0000,453.3400
6,38,3,B610,190.9940,-255.7500,453.0000,452.9700
6,38,4,B601,280.2948,-255.7500,453.0000,453.3400
6,39,0,B610,-264.4942,-272.2500,447.0000,447.0300
6,39,1,B601,-190.9940,-272.2500,447.0000,446.6600
6,39,2,B611,64.9980,-272.2500,447.0000,447.0300
6,39,3,B600,190.9940,-272.2500,447.0000,446.6600
6,39,4,B611,264.4942,-272.2500,447.0000,447.0300
6,40,0,B600,-246.7441,-288.7500,453.0000,453.3400
6,40,1,B611,-127.9960,-288.7500,453.0000,452.9700
6,40,2,B601,127.9960,-288.7500,453.0000,453.3400
6,40,3,B610,246.7441,-288.7500,453.0000,452.9700
6,41,0,B601,-226.6241,-305.2500,447.0000,446.6600
6,41,1,B610,-127.9960,-305.2500,447.0000,447.0300
6,41,2,B600,127.9960,-305.2500,447.0000,446.6600
6,41,3,B611,226.6241,-305.2500,447.0000,447.0300
6,42,0,B600,-203.4948,-321.7500,453.0000,453.3400
6,42,1,B611,-127.9960,-321.7500,453.0000,452.9700
6,42,2,B601,127.9960,-321.7500,453.0000,453.3400
6,42,3,B610,203.4948,-321.7500,453.0000,452.9700
6,43,0,B601,-176.2955,-338.2500,447.0000,446.6600
6,43,1,B611,64.9980,-338.2500,447.0000,447.0300
6,43,2,B600,176.2955,-338.2500,447.0000,446.6600
6,44,0,B611,-143.0013,-354.7500,453.0000,452.9700
6,44,1,B601,64.9980,-354.7500,453.0000,453.3400
6,44,2,B610,143.0013,-354.7500,453.0000,452.9700
6,45,0,B610,-98.5851,-371.2500,447.0000,447.0300
6,45,1,B600,98.5851,-371.2500,447.0000,446.6600
