type_id,module_height_mm,module_length_mm,rsu_count,facing,chirality,active_height_mm,active_length_mm,sensor_height_mm,sensor_length_mm,BLEC_mm,BREC_mm,LEC_mm,REC_mm,PER_mm
A600,35.0000,159.9960,6,OUTWARD,RIGHT,18.5140,129.9960,19.5640,135.9960,20.0000,10.0000,4.5000,1.5000,0.5250
A601,35.0000,159.9960,6,OUTWARD,LEFT,18.5140,129.9960,19.5640,135.9960,20.0000,10.0000,4.5000,1.5000,0.5250
A610,35.0000,159.9960,6,INWARD,RIGHT,18.5140,129.9960,19.5640,135.9960,20.0000,10.0000,4.5000,1.5000,0.5250
A611,35.0000,159.9960,6,INWARD,LEFT,18.5140,129.9960,19.5640,135.9960,20.0000,10.0000,4.5000,1.5000,0.5250
B500,32.0000,138.3300,5,OUTWARD,RIGHT,18.5140,108.3300,19.5640,114.3300,20.0000,10.0000,4.5000,1.5000,0.5250
B501,32.0000,138.3300,5,OUTWARD,LEFT,18.5140,108.3300,19.5640,114.3300,20.0000,10.0000,4.5000,1.5000,0.5250
B510,32.0000,138.3300,5,INWARD,RIGHT,18.5140,108.3300,19.5640,114.3300,20.0000,10.0000,4.5000,1.5000,0.5250
B511,32.0000,138.3300,5,INWARD,LEFT,18.5140,108.3300,19.5640,114.3300,20.0000,10.0000,4.5000,1.5000,0.5250
B600,32.0000,159.9960,6,OUTWARD,RIGHT,18.5140,129.9960,19.5640,135.9960,20.0000,10.0000,4.5000,1.5000,0.5250
B601,32.0000,159.9960,6,OUTWARD,LEFT,18.5140,129.9960,19.5640,135.9960,20.0000,10.0000,4.5000,1.5000,0.5250
B610,32.0000,159.9960,6,INWARD,RIGHT,18.5140,129.9960,19.5640,135.9960,20.0000,10.0000,4.5000,1.5000,0.5250
B611,32.0000,159.9960,6,INWARD,LEFT,18.5140,129.9960,19.5640,135.9960,20.0000,10.0000,4.5000,1.5000,0.5250
